{
    "Mentiongift": false,
    "Mentionkick": false,
    "Respontag": "แท็คไมอย่าแทคสิ เอาของขวัญไปแล้วหยุดแท็คได้และ👏👍",
    "Talkblacklist": {},
    "Talkdblacklist": false,
    "Talkwblacklist": false,
    "addadmin": false,
    "addbots": false,
    "addstaff": false,
    "admin": {},
    "autoAdd": false,
    "autoJoin": false,
    "autoLeave": false,
    "autoLeave1": false,
    "autoRead": false,
    "autoRead2": false,
    "autoLike": true,
    "commentOn": false,
    "sukaPost": false,
    "blacklist": {},
    "bots": {},
    "comment":"Auto Like By รัตน์ 😃",
    "contact": false,
    "dblacklist": false,
    "delladmin": false,
    "dellbots": false,
    "dellstaff": false,
    "detectMention": false,
    "leave": "Good Bye, See You Next Time 😃",
    "limit": 10,
    "limits": 1,
    "mention": "Hayoo ngintip -_-",
    "message": "Terimakasih sudah add saya 😃",
    "owner": {},
    "selfbot": true,
    "staff": {},
    "sticker": false,
    "talkban": false,
    "unsend": false,
    "wblacklist": false,
    "welcome": "Selamat datang & semoga Betah",
    "welcomeOn": false
}